-- phpMyAdmin SQL Dump
-- version 4.6.5.2
-- https://www.phpmyadmin.net/
--
-- Host: 127.0.0.1
-- Generation Time: Jun 29, 2017 at 04:42 PM
-- Server version: 10.1.21-MariaDB
-- PHP Version: 7.1.1

SET SQL_MODE = "NO_AUTO_VALUE_ON_ZERO";
SET time_zone = "+00:00";


/*!40101 SET @OLD_CHARACTER_SET_CLIENT=@@CHARACTER_SET_CLIENT */;
/*!40101 SET @OLD_CHARACTER_SET_RESULTS=@@CHARACTER_SET_RESULTS */;
/*!40101 SET @OLD_COLLATION_CONNECTION=@@COLLATION_CONNECTION */;
/*!40101 SET NAMES utf8mb4 */;

--
-- Database: `sti_voting`
--

-- --------------------------------------------------------

--
-- Table structure for table `candidate`
--

CREATE TABLE `candidate` (
  `id` int(11) NOT NULL,
  `name` varchar(255) DEFAULT NULL,
  `position` varchar(255) DEFAULT NULL,
  `course` varchar(255) DEFAULT NULL,
  `year` varchar(255) DEFAULT NULL,
  `party` varchar(255) DEFAULT NULL,
  `img` varchar(255) DEFAULT NULL
) ENGINE=InnoDB DEFAULT CHARSET=latin1;

--
-- Dumping data for table `candidate`
--

INSERT INTO `candidate` (`id`, `name`, `position`, `course`, `year`, `party`, `img`) VALUES
(2, 'Stephen Tumarong', 'President', 'HRS', 'II', 'STIers League', '13666a9169a1ba0482f396d27a4cdef5.jpg'),
(3, 'Kip Fuego', 'ITP Representative', 'ITP', 'I', 'STIers League', 'ca03e1ab8df05facadae100b7abadfb0.jpg'),
(4, 'Elmer Macalla', 'BSCS Representative', 'BSCS', 'IV', 'STIers League', '3faf18573eb821c892d75a3de1ae086b.jpg'),
(12, 'Maco Cortes', 'President', 'BSCS', 'II', 'Bangon STI', '240d435b741f363bc872924d9d7069f7.jpg'),
(13, 'Dale Bryan Ayuban', 'BSCS Representative', 'BSCS', 'II', 'Bangon STI', '73238817002899d208e3564cd89f2d6f.jpg'),
(14, 'Joshua Clamohoy', 'Vice-President', 'BSCS', 'IV', 'Bangon STI', 'ad6a86f2a4c804b2eab042b51a929253.jpg'),
(15, 'Juren Garing', 'Secretary', 'BSCS', 'IV', 'Bangon STI', 'a84dcc257d30f6d93cba8e562cfb8084.jpg'),
(16, 'Julia Kane', 'HRS  Representative', 'HRS', 'II', 'STIers League', '44043befcabdf59d4e9062871194c799.jpg'),
(17, 'Joizel Bartolome', 'Treasurer', 'HRS', 'II', 'STIers League', '7a3e850c6c78b111225a0f29b641952b.jpg'),
(18, 'Hygen Abad', 'Auditor', 'HRS', 'II', 'Bangon STI', 'e8b56a7ce1117397dc839aefcde7111f.jpg'),
(19, 'Julius Bondaco', 'Senior HS  Representative', 'SHS-CA', 'G11', 'STIers League', 'ed53423bdb53e4b6fff539f88f65de36.jpg');

-- --------------------------------------------------------

--
-- Table structure for table `ci_sessions`
--

CREATE TABLE `ci_sessions` (
  `id` varchar(128) NOT NULL,
  `ip_address` varchar(45) NOT NULL,
  `timestamp` int(10) UNSIGNED NOT NULL DEFAULT '0',
  `data` blob NOT NULL
) ENGINE=InnoDB DEFAULT CHARSET=latin1;

--
-- Dumping data for table `ci_sessions`
--

INSERT INTO `ci_sessions` (`id`, `ip_address`, `timestamp`, `data`) VALUES
('ljith5ottl8h148gljq4f0cenh3ls337', '::1', 1498734075, 0x5f5f63695f6c6173745f726567656e65726174657c693a313439383733343037353b766f7465725f6c6f676765645f696e7c613a313a7b733a383a22766f746570617373223b733a363a22353630633259223b7d61646d696e5f6c6f676765645f696e7c613a313a7b733a383a22757365726e616d65223b733a343a226d61636f223b7d),
('oit5j3k8t03johir9tqh45q4ljgu4ppj', '::1', 1498734459, 0x5f5f63695f6c6173745f726567656e65726174657c693a313439383733343435393b766f7465725f6c6f676765645f696e7c613a313a7b733a383a22766f746570617373223b733a363a22353630633259223b7d61646d696e5f6c6f676765645f696e7c613a313a7b733a383a22757365726e616d65223b733a343a226d61636f223b7d),
('e2cqj16as8mhghmmd9e66vdfqpcse5f0', '::1', 1498734788, 0x5f5f63695f6c6173745f726567656e65726174657c693a313439383733343738383b766f7465725f6c6f676765645f696e7c613a313a7b733a383a22766f746570617373223b733a363a22353630633259223b7d61646d696e5f6c6f676765645f696e7c613a313a7b733a383a22757365726e616d65223b733a343a226d61636f223b7d),
('a25fh5ogagt6gaq5aqh5lbqk6rr4lipd', '::1', 1498735805, 0x5f5f63695f6c6173745f726567656e65726174657c693a313439383733353830353b766f7465725f6c6f676765645f696e7c613a313a7b733a383a22766f746570617373223b733a363a22353630633259223b7d61646d696e5f6c6f676765645f696e7c613a313a7b733a383a22757365726e616d65223b733a343a226d61636f223b7d),
('jb3akvr04l5r1dtcv2jdfdl48r5b6sl4', '::1', 1498736137, 0x5f5f63695f6c6173745f726567656e65726174657c693a313439383733363133373b766f7465725f6c6f676765645f696e7c613a313a7b733a383a22766f746570617373223b733a363a22353630633259223b7d61646d696e5f6c6f676765645f696e7c613a313a7b733a383a22757365726e616d65223b733a343a226d61636f223b7d),
('u2eri3gmo19ie7fp1plfuvggrv5jm2op', '::1', 1498736439, 0x5f5f63695f6c6173745f726567656e65726174657c693a313439383733363433393b766f7465725f6c6f676765645f696e7c613a313a7b733a383a22766f746570617373223b733a363a22353630633259223b7d61646d696e5f6c6f676765645f696e7c613a313a7b733a383a22757365726e616d65223b733a343a226d61636f223b7d),
('r16egkj87is9mam38do03q349hm7f5mo', '::1', 1498737027, 0x5f5f63695f6c6173745f726567656e65726174657c693a313439383733373032373b766f7465725f6c6f676765645f696e7c613a313a7b733a383a22766f746570617373223b733a363a22353630633259223b7d61646d696e5f6c6f676765645f696e7c613a313a7b733a383a22757365726e616d65223b733a343a226d61636f223b7d),
('jsb3k0pveogiva3tpghqng82vpj2nr62', '::1', 1498737373, 0x5f5f63695f6c6173745f726567656e65726174657c693a313439383733373337333b766f7465725f6c6f676765645f696e7c613a313a7b733a383a22766f746570617373223b733a363a22353630633259223b7d61646d696e5f6c6f676765645f696e7c613a313a7b733a383a22757365726e616d65223b733a343a226d61636f223b7d),
('mpd88rfjirm9gskopaeavvpjjk8i25m3', '::1', 1498738733, 0x5f5f63695f6c6173745f726567656e65726174657c693a313439383733383733333b766f7465725f6c6f676765645f696e7c613a313a7b733a383a22766f746570617373223b733a363a22353630633259223b7d61646d696e5f6c6f676765645f696e7c613a313a7b733a383a22757365726e616d65223b733a343a226d61636f223b7d),
('h6mrn3he68h75a142nrnof2ktu441rmp', '::1', 1498739046, 0x5f5f63695f6c6173745f726567656e65726174657c693a313439383733393034363b766f7465725f6c6f676765645f696e7c613a313a7b733a383a22766f746570617373223b733a363a22353630633259223b7d61646d696e5f6c6f676765645f696e7c613a313a7b733a383a22757365726e616d65223b733a343a226d61636f223b7d),
('ai1t6f9g2vequl2j7e84vk21pohrj7n6', '::1', 1498739397, 0x5f5f63695f6c6173745f726567656e65726174657c693a313439383733393339373b766f7465725f6c6f676765645f696e7c613a313a7b733a383a22766f746570617373223b733a363a22353630633259223b7d61646d696e5f6c6f676765645f696e7c613a313a7b733a383a22757365726e616d65223b733a343a226d61636f223b7d),
('lif203c6v1o6cl7pkr40vdc25g4b32o4', '::1', 1498739719, 0x5f5f63695f6c6173745f726567656e65726174657c693a313439383733393731393b766f7465725f6c6f676765645f696e7c613a313a7b733a383a22766f746570617373223b733a363a22353630633259223b7d61646d696e5f6c6f676765645f696e7c613a313a7b733a383a22757365726e616d65223b733a343a226d61636f223b7d),
('r95frh3tm4qo3jdflr7jh4ie6s9oum4q', '::1', 1498740036, 0x5f5f63695f6c6173745f726567656e65726174657c693a313439383734303033363b766f7465725f6c6f676765645f696e7c613a313a7b733a383a22766f746570617373223b733a363a22353630633259223b7d61646d696e5f6c6f676765645f696e7c613a313a7b733a383a22757365726e616d65223b733a343a226d61636f223b7d),
('hcmh775bh84v646k9u7j6793vkvik3nj', '::1', 1498740372, 0x5f5f63695f6c6173745f726567656e65726174657c693a313439383734303337323b766f7465725f6c6f676765645f696e7c613a313a7b733a383a22766f746570617373223b733a363a22353630633259223b7d61646d696e5f6c6f676765645f696e7c613a313a7b733a383a22757365726e616d65223b733a343a226d61636f223b7d),
('ss1861ltuj8ffbra9mmbnh7967dpnogf', '::1', 1498740895, 0x5f5f63695f6c6173745f726567656e65726174657c693a313439383734303839353b766f7465725f6c6f676765645f696e7c613a313a7b733a383a22766f746570617373223b733a363a22353630633259223b7d61646d696e5f6c6f676765645f696e7c613a313a7b733a383a22757365726e616d65223b733a343a226d61636f223b7d),
('967fg4l2hgvu01ddv7jhormke67lhr65', '::1', 1498741771, 0x5f5f63695f6c6173745f726567656e65726174657c693a313439383734313737313b766f7465725f6c6f676765645f696e7c613a313a7b733a383a22766f746570617373223b733a363a22353630633259223b7d61646d696e5f6c6f676765645f696e7c613a313a7b733a383a22757365726e616d65223b733a343a226d61636f223b7d),
('0o0ud49eituj4059he0k00nb03iktmu5', '::1', 1498742088, 0x5f5f63695f6c6173745f726567656e65726174657c693a313439383734323038383b766f7465725f6c6f676765645f696e7c613a313a7b733a383a22766f746570617373223b733a363a22353630633259223b7d61646d696e5f6c6f676765645f696e7c613a313a7b733a383a22757365726e616d65223b733a343a226d61636f223b7d),
('u70m3e7a384k25emj6e95rrj9blecqrc', '::1', 1498742469, 0x5f5f63695f6c6173745f726567656e65726174657c693a313439383734323436393b766f7465725f6c6f676765645f696e7c613a313a7b733a383a22766f746570617373223b733a363a22353630633259223b7d61646d696e5f6c6f676765645f696e7c613a313a7b733a383a22757365726e616d65223b733a343a226d61636f223b7d),
('3vcpk46ijgg21qgmlb4sqei1i6ihlgbs', '::1', 1498742781, 0x5f5f63695f6c6173745f726567656e65726174657c693a313439383734323738313b766f7465725f6c6f676765645f696e7c613a313a7b733a383a22766f746570617373223b733a363a22353630633259223b7d61646d696e5f6c6f676765645f696e7c613a313a7b733a383a22757365726e616d65223b733a343a226d61636f223b7d),
('1861ot567q92mh4vo92mbpgn1icc29n3', '::1', 1498743312, 0x5f5f63695f6c6173745f726567656e65726174657c693a313439383734333331323b766f7465725f6c6f676765645f696e7c613a313a7b733a383a22766f746570617373223b733a363a22353630633259223b7d61646d696e5f6c6f676765645f696e7c613a313a7b733a383a22757365726e616d65223b733a343a226d61636f223b7d),
('rqat2d621l3bdajcdgu1j3edkohgjn76', '::1', 1498743613, 0x5f5f63695f6c6173745f726567656e65726174657c693a313439383734333631333b766f7465725f6c6f676765645f696e7c613a313a7b733a383a22766f746570617373223b733a363a22353630633259223b7d61646d696e5f6c6f676765645f696e7c613a313a7b733a383a22757365726e616d65223b733a343a226d61636f223b7d),
('8ousjqer3h9uagbrclkehackhsnkjmea', '::1', 1498743933, 0x5f5f63695f6c6173745f726567656e65726174657c693a313439383734333933333b766f7465725f6c6f676765645f696e7c613a313a7b733a383a22766f746570617373223b733a363a22353630633259223b7d61646d696e5f6c6f676765645f696e7c613a313a7b733a383a22757365726e616d65223b733a343a226d61636f223b7d),
('c36i8l3jcnthp9ecpn30ra7g9drv7fun', '::1', 1498744234, 0x5f5f63695f6c6173745f726567656e65726174657c693a313439383734343233343b766f7465725f6c6f676765645f696e7c613a313a7b733a383a22766f746570617373223b733a363a22353630633259223b7d61646d696e5f6c6f676765645f696e7c613a313a7b733a383a22757365726e616d65223b733a343a226d61636f223b7d),
('c3qpl3t8533bo83qank42diplm6nn1lv', '::1', 1498744890, 0x5f5f63695f6c6173745f726567656e65726174657c693a313439383734343839303b766f7465725f6c6f676765645f696e7c613a313a7b733a383a22766f746570617373223b733a363a22353630633259223b7d61646d696e5f6c6f676765645f696e7c613a313a7b733a383a22757365726e616d65223b733a343a226d61636f223b7d),
('efb0mtdvcspa2n5cmkt62s62st9olvnm', '::1', 1498745203, 0x5f5f63695f6c6173745f726567656e65726174657c693a313439383734353230333b766f7465725f6c6f676765645f696e7c613a313a7b733a383a22766f746570617373223b733a363a22353630633259223b7d61646d696e5f6c6f676765645f696e7c613a313a7b733a383a22757365726e616d65223b733a343a226d61636f223b7d),
('48u4s9e01nnknhn89oqkk78lqv07837a', '::1', 1498745552, 0x5f5f63695f6c6173745f726567656e65726174657c693a313439383734353535323b61646d696e5f6c6f676765645f696e7c613a313a7b733a383a22757365726e616d65223b733a343a226d61636f223b7d766f7465725f6c6f676765645f696e7c613a313a7b733a383a22766f746570617373223b733a363a22384b76326d47223b7d),
('k0gvp95ha2v8g9mv41pf3vab23ep7bra', '::1', 1498746000, 0x5f5f63695f6c6173745f726567656e65726174657c693a313439383734363030303b61646d696e5f6c6f676765645f696e7c613a313a7b733a383a22757365726e616d65223b733a343a226d61636f223b7d766f7465725f6c6f676765645f696e7c613a313a7b733a383a22766f746570617373223b733a363a22384b76326d47223b7d),
('cgc85ecjhtq9ul56kffjb0rrjp5jrm71', '::1', 1498746449, 0x5f5f63695f6c6173745f726567656e65726174657c693a313439383734363434393b61646d696e5f6c6f676765645f696e7c613a313a7b733a383a22757365726e616d65223b733a343a226d61636f223b7d),
('qtu4bhfulggihspehorha8dgtc3d21b5', '::1', 1498746764, 0x5f5f63695f6c6173745f726567656e65726174657c693a313439383734363736343b61646d696e5f6c6f676765645f696e7c613a313a7b733a383a22757365726e616d65223b733a343a226d61636f223b7d),
('jkrv787200qmu0d5h2nqirc5vgr459pe', '::1', 1498747084, 0x5f5f63695f6c6173745f726567656e65726174657c693a313439383734373038343b61646d696e5f6c6f676765645f696e7c613a313a7b733a383a22757365726e616d65223b733a343a226d61636f223b7d),
('pjmshlvqs6bq92aid4kpesg4jldfvbll', '::1', 1498747301, 0x5f5f63695f6c6173745f726567656e65726174657c693a313439383734373038343b61646d696e5f6c6f676765645f696e7c613a313a7b733a383a22757365726e616d65223b733a343a226d61636f223b7d);

-- --------------------------------------------------------

--
-- Table structure for table `course`
--

CREATE TABLE `course` (
  `title` varchar(255) NOT NULL
) ENGINE=InnoDB DEFAULT CHARSET=latin1;

--
-- Dumping data for table `course`
--

INSERT INTO `course` (`title`) VALUES
('BSCS'),
('CCE'),
('HRS'),
('ITP'),
('SHS-CA'),
('SHS-HO'),
('SHS-MAWE');

-- --------------------------------------------------------

--
-- Table structure for table `logs`
--

CREATE TABLE `logs` (
  `id` int(11) NOT NULL,
  `action` text,
  `created_at` datetime DEFAULT NULL ON UPDATE CURRENT_TIMESTAMP,
  `user` varchar(255) DEFAULT NULL
) ENGINE=InnoDB DEFAULT CHARSET=latin1;

-- --------------------------------------------------------

--
-- Table structure for table `party`
--

CREATE TABLE `party` (
  `title` varchar(255) NOT NULL,
  `color` varchar(255) DEFAULT NULL,
  `img` varchar(255) DEFAULT NULL
) ENGINE=InnoDB DEFAULT CHARSET=latin1;

--
-- Dumping data for table `party`
--

INSERT INTO `party` (`title`, `color`, `img`) VALUES
('Bangon STI', 'pink', NULL),
('STIers League', 'green', NULL);

-- --------------------------------------------------------

--
-- Table structure for table `position`
--

CREATE TABLE `position` (
  `title` varchar(255) NOT NULL,
  `is_multiple` int(11) DEFAULT '0',
  `limit_vote` int(11) DEFAULT NULL,
  `placeorder` int(11) NOT NULL
) ENGINE=InnoDB DEFAULT CHARSET=latin1;

--
-- Dumping data for table `position`
--

INSERT INTO `position` (`title`, `is_multiple`, `limit_vote`, `placeorder`) VALUES
('Auditor', 0, NULL, 4),
('BSCS Representative', 0, NULL, 8),
('HRS  Representative', 0, NULL, 7),
('ITP Representative', 0, NULL, 6),
('President', 0, NULL, 1),
('Secretary', 0, NULL, 5),
('Senior HS  Representative', 0, NULL, 9),
('Treasurer', 0, NULL, 3),
('Vice-President', 0, NULL, 2);

-- --------------------------------------------------------

--
-- Table structure for table `settings`
--

CREATE TABLE `settings` (
  `key` varchar(255) NOT NULL,
  `value` text
) ENGINE=InnoDB DEFAULT CHARSET=latin1;

-- --------------------------------------------------------

--
-- Table structure for table `users`
--

CREATE TABLE `users` (
  `username` varchar(255) NOT NULL,
  `password` varchar(255) DEFAULT NULL,
  `name` varchar(255) DEFAULT NULL,
  `usertype` varchar(255) DEFAULT NULL,
  `img` varchar(255) DEFAULT NULL,
  `created_at` datetime DEFAULT CURRENT_TIMESTAMP ON UPDATE CURRENT_TIMESTAMP,
  `updated_at` timestamp NULL DEFAULT NULL ON UPDATE CURRENT_TIMESTAMP
) ENGINE=InnoDB DEFAULT CHARSET=latin1;

--
-- Dumping data for table `users`
--

INSERT INTO `users` (`username`, `password`, `name`, `usertype`, `img`, `created_at`, `updated_at`) VALUES
('maco', '$2y$10$yXXbqfWB.Xi0yZ1QSXoMQeP1vtcwQmafC8ImZ0xE2haP/4SIz7fie', 'Maco Cortes', 'Administrator', NULL, '2017-06-18 11:33:10', NULL);

-- --------------------------------------------------------

--
-- Table structure for table `usertypes`
--

CREATE TABLE `usertypes` (
  `title` varchar(255) NOT NULL
) ENGINE=InnoDB DEFAULT CHARSET=latin1;

--
-- Dumping data for table `usertypes`
--

INSERT INTO `usertypes` (`title`) VALUES
('Administrator');

-- --------------------------------------------------------

--
-- Table structure for table `votes`
--

CREATE TABLE `votes` (
  `id` int(11) NOT NULL,
  `candidate_id` varchar(255) DEFAULT NULL,
  `vote_pass` varchar(255) DEFAULT NULL,
  `datetime` datetime DEFAULT CURRENT_TIMESTAMP
) ENGINE=InnoDB DEFAULT CHARSET=latin1;

-- --------------------------------------------------------

--
-- Table structure for table `vote_keys`
--

CREATE TABLE `vote_keys` (
  `key` varchar(255) NOT NULL,
  `updated_at` datetime DEFAULT CURRENT_TIMESTAMP ON UPDATE CURRENT_TIMESTAMP,
  `is_used` int(1) DEFAULT '0'
) ENGINE=InnoDB DEFAULT CHARSET=latin1;

--
-- Dumping data for table `vote_keys`
--

INSERT INTO `vote_keys` (`key`, `updated_at`, `is_used`) VALUES
('0AJXUn', '2017-06-29 20:26:41', 0),
('5F78At', '2017-06-29 20:26:41', 0),
('7uEIbQ', '2017-06-29 20:26:41', 0),
('8Kv2mG', '2017-06-29 22:41:56', 0),
('KW7yRo', '2017-06-29 22:41:58', 0),
('luezYT', '2017-06-29 20:26:41', 0),
('QMJmst', '2017-06-29 20:26:41', 0),
('qTQmap', '2017-06-29 20:26:41', 0),
('sDj7wa', '2017-06-29 20:26:41', 0),
('zMNnIi', '2017-06-29 20:26:41', 0);

-- --------------------------------------------------------

--
-- Table structure for table `year`
--

CREATE TABLE `year` (
  `title` varchar(255) NOT NULL
) ENGINE=InnoDB DEFAULT CHARSET=latin1;

--
-- Dumping data for table `year`
--

INSERT INTO `year` (`title`) VALUES
('G11'),
('G12'),
('I'),
('II'),
('III'),
('IV');

--
-- Indexes for dumped tables
--

--
-- Indexes for table `candidate`
--
ALTER TABLE `candidate`
  ADD PRIMARY KEY (`id`),
  ADD KEY `FKcourse` (`course`),
  ADD KEY `FKyear` (`year`),
  ADD KEY `FKposition` (`position`),
  ADD KEY `FKparty` (`party`);

--
-- Indexes for table `ci_sessions`
--
ALTER TABLE `ci_sessions`
  ADD KEY `ci_sessions_timestamp` (`timestamp`);

--
-- Indexes for table `course`
--
ALTER TABLE `course`
  ADD PRIMARY KEY (`title`);

--
-- Indexes for table `logs`
--
ALTER TABLE `logs`
  ADD PRIMARY KEY (`id`),
  ADD KEY `FKuser` (`user`);

--
-- Indexes for table `party`
--
ALTER TABLE `party`
  ADD PRIMARY KEY (`title`);

--
-- Indexes for table `position`
--
ALTER TABLE `position`
  ADD PRIMARY KEY (`title`);

--
-- Indexes for table `settings`
--
ALTER TABLE `settings`
  ADD PRIMARY KEY (`key`);

--
-- Indexes for table `users`
--
ALTER TABLE `users`
  ADD PRIMARY KEY (`username`),
  ADD KEY `FKusertype` (`usertype`);

--
-- Indexes for table `usertypes`
--
ALTER TABLE `usertypes`
  ADD PRIMARY KEY (`title`);

--
-- Indexes for table `votes`
--
ALTER TABLE `votes`
  ADD PRIMARY KEY (`id`);

--
-- Indexes for table `vote_keys`
--
ALTER TABLE `vote_keys`
  ADD PRIMARY KEY (`key`);

--
-- Indexes for table `year`
--
ALTER TABLE `year`
  ADD PRIMARY KEY (`title`);

--
-- AUTO_INCREMENT for dumped tables
--

--
-- AUTO_INCREMENT for table `candidate`
--
ALTER TABLE `candidate`
  MODIFY `id` int(11) NOT NULL AUTO_INCREMENT, AUTO_INCREMENT=20;
--
-- AUTO_INCREMENT for table `logs`
--
ALTER TABLE `logs`
  MODIFY `id` int(11) NOT NULL AUTO_INCREMENT;
--
-- AUTO_INCREMENT for table `votes`
--
ALTER TABLE `votes`
  MODIFY `id` int(11) NOT NULL AUTO_INCREMENT, AUTO_INCREMENT=16;
--
-- Constraints for dumped tables
--

--
-- Constraints for table `candidate`
--
ALTER TABLE `candidate`
  ADD CONSTRAINT `FKcourse` FOREIGN KEY (`course`) REFERENCES `course` (`title`) ON DELETE CASCADE ON UPDATE CASCADE,
  ADD CONSTRAINT `FKparty` FOREIGN KEY (`party`) REFERENCES `party` (`title`) ON DELETE CASCADE ON UPDATE CASCADE,
  ADD CONSTRAINT `FKposition` FOREIGN KEY (`position`) REFERENCES `position` (`title`) ON DELETE CASCADE ON UPDATE CASCADE,
  ADD CONSTRAINT `FKyear` FOREIGN KEY (`year`) REFERENCES `year` (`title`) ON DELETE CASCADE ON UPDATE CASCADE;

--
-- Constraints for table `logs`
--
ALTER TABLE `logs`
  ADD CONSTRAINT `FKuser` FOREIGN KEY (`user`) REFERENCES `users` (`username`);

--
-- Constraints for table `users`
--
ALTER TABLE `users`
  ADD CONSTRAINT `FKusertype` FOREIGN KEY (`usertype`) REFERENCES `usertypes` (`title`);

/*!40101 SET CHARACTER_SET_CLIENT=@OLD_CHARACTER_SET_CLIENT */;
/*!40101 SET CHARACTER_SET_RESULTS=@OLD_CHARACTER_SET_RESULTS */;
/*!40101 SET COLLATION_CONNECTION=@OLD_COLLATION_CONNECTION */;
