-- phpMyAdmin SQL Dump
-- version 4.6.5.2
-- https://www.phpmyadmin.net/
--
-- Host: 127.0.0.1
-- Generation Time: Jun 21, 2017 at 05:22 PM
-- Server version: 10.1.21-MariaDB
-- PHP Version: 7.1.1

SET SQL_MODE = "NO_AUTO_VALUE_ON_ZERO";
SET time_zone = "+00:00";


/*!40101 SET @OLD_CHARACTER_SET_CLIENT=@@CHARACTER_SET_CLIENT */;
/*!40101 SET @OLD_CHARACTER_SET_RESULTS=@@CHARACTER_SET_RESULTS */;
/*!40101 SET @OLD_COLLATION_CONNECTION=@@COLLATION_CONNECTION */;
/*!40101 SET NAMES utf8mb4 */;

--
-- Database: `sti_voting`
--

-- --------------------------------------------------------

--
-- Table structure for table `candidate`
--

CREATE TABLE `candidate` (
  `id` int(11) NOT NULL,
  `name` varchar(255) DEFAULT NULL,
  `position` varchar(255) DEFAULT NULL,
  `course` varchar(255) DEFAULT NULL,
  `year` varchar(255) DEFAULT NULL,
  `party` varchar(255) DEFAULT NULL,
  `img` varchar(255) DEFAULT NULL
) ENGINE=InnoDB DEFAULT CHARSET=latin1;

--
-- Dumping data for table `candidate`
--

INSERT INTO `candidate` (`id`, `name`, `position`, `course`, `year`, `party`, `img`) VALUES
(1, 'Maco Cortes', 'President', 'BSCS', 'I', 'Party I', '97e3e90f6d556a355cdefb1db72ce188.jpg'),
(2, 'Stephen Tumarong', 'President', 'HRS', 'I', 'Party I', '13666a9169a1ba0482f396d27a4cdef5.jpg'),
(3, 'Kip Fuego', 'ITP Representative', 'ITP', 'I', 'Party I', 'ca03e1ab8df05facadae100b7abadfb0.jpg'),
(4, 'Elmer Macalla', 'BSCS Representative', 'BSCS', 'IV', 'Party I', '3faf18573eb821c892d75a3de1ae086b.jpg');

-- --------------------------------------------------------

--
-- Table structure for table `ci_sessions`
--

CREATE TABLE `ci_sessions` (
  `id` varchar(128) NOT NULL,
  `ip_address` varchar(45) NOT NULL,
  `timestamp` int(10) UNSIGNED NOT NULL DEFAULT '0',
  `data` blob NOT NULL
) ENGINE=InnoDB DEFAULT CHARSET=latin1;

--
-- Dumping data for table `ci_sessions`
--

INSERT INTO `ci_sessions` (`id`, `ip_address`, `timestamp`, `data`) VALUES
('vhfhgu146ki1g28oh8f8ngehjkg7a2jt', '::1', 1497772557, 0x5f5f63695f6c6173745f726567656e65726174657c693a313439373737323535373b61646d696e5f6c6f676765645f696e7c613a313a7b733a383a22757365726e616d65223b733a343a226d61636f223b7d),
('c35pc73cq0cq1o20idn6semlekvh1l9k', '::1', 1497772860, 0x5f5f63695f6c6173745f726567656e65726174657c693a313439373737323836303b61646d696e5f6c6f676765645f696e7c613a313a7b733a383a22757365726e616d65223b733a343a226d61636f223b7d),
('koq4irhdi352823967ff2ssu2de70cd0', '::1', 1497773205, 0x5f5f63695f6c6173745f726567656e65726174657c693a313439373737333230353b61646d696e5f6c6f676765645f696e7c613a313a7b733a383a22757365726e616d65223b733a343a226d61636f223b7d),
('bgeg7mh7jl7sr8m0ghsejjcsjmf8i0kt', '::1', 1497773652, 0x5f5f63695f6c6173745f726567656e65726174657c693a313439373737333635323b61646d696e5f6c6f676765645f696e7c613a313a7b733a383a22757365726e616d65223b733a343a226d61636f223b7d),
('7hn8dj24qhb2f5hor25b5q2chnpgdc7h', '::1', 1497774549, 0x5f5f63695f6c6173745f726567656e65726174657c693a313439373737343534393b61646d696e5f6c6f676765645f696e7c613a313a7b733a383a22757365726e616d65223b733a343a226d61636f223b7d),
('n3ogi3rj31dh3h079fmnrj77ajmk1oqt', '::1', 1497774851, 0x5f5f63695f6c6173745f726567656e65726174657c693a313439373737343835313b61646d696e5f6c6f676765645f696e7c613a313a7b733a383a22757365726e616d65223b733a343a226d61636f223b7d),
('gknkg8bmtj9kqf6gqtbu4n6trss8ad70', '::1', 1497778572, 0x5f5f63695f6c6173745f726567656e65726174657c693a313439373737383537323b61646d696e5f6c6f676765645f696e7c613a313a7b733a383a22757365726e616d65223b733a343a226d61636f223b7d766f7465725f6c6f676765645f696e7c613a313a7b733a383a22766f746570617373223b733a353a2233616b4c4e223b7d),
('n4366kiroed1rpj4i1h0nb0af7ordd1k', '::1', 1497778878, 0x5f5f63695f6c6173745f726567656e65726174657c693a313439373737383837383b61646d696e5f6c6f676765645f696e7c613a313a7b733a383a22757365726e616d65223b733a343a226d61636f223b7d766f7465725f6c6f676765645f696e7c613a313a7b733a383a22766f746570617373223b733a353a2233616b4c4e223b7d),
('6p2dcngv6g6k8if6f08rqag9g9apc2hl', '::1', 1497779183, 0x5f5f63695f6c6173745f726567656e65726174657c693a313439373737393138333b61646d696e5f6c6f676765645f696e7c613a313a7b733a383a22757365726e616d65223b733a343a226d61636f223b7d766f7465725f6c6f676765645f696e7c613a313a7b733a383a22766f746570617373223b733a353a2233616b4c4e223b7d),
('t7j6k7b2v8lfajfrg8oln57en8modkpq', '::1', 1497779486, 0x5f5f63695f6c6173745f726567656e65726174657c693a313439373737393438363b61646d696e5f6c6f676765645f696e7c613a313a7b733a383a22757365726e616d65223b733a343a226d61636f223b7d766f7465725f6c6f676765645f696e7c613a313a7b733a383a22766f746570617373223b733a353a2233616b4c4e223b7d),
('nnli0pv4sq4oar2s6dttefavv2qv0ife', '::1', 1497782470, 0x5f5f63695f6c6173745f726567656e65726174657c693a313439373738323437303b61646d696e5f6c6f676765645f696e7c613a313a7b733a383a22757365726e616d65223b733a343a226d61636f223b7d766f7465725f6c6f676765645f696e7c613a313a7b733a383a22766f746570617373223b733a353a2233616b4c4e223b7d),
('nngs39d7gh1jnki8fa0kjuh9ns04n8te', '::1', 1497789576, 0x5f5f63695f6c6173745f726567656e65726174657c693a313439373738393537363b61646d696e5f6c6f676765645f696e7c613a313a7b733a383a22757365726e616d65223b733a343a226d61636f223b7d766f7465725f6c6f676765645f696e7c613a313a7b733a383a22766f746570617373223b733a353a2233616b4c4e223b7d),
('6cccm4k2ldsgm8tplmn3otnhqou4c8l5', '::1', 1497790244, 0x5f5f63695f6c6173745f726567656e65726174657c693a313439373739303234343b61646d696e5f6c6f676765645f696e7c613a313a7b733a383a22757365726e616d65223b733a343a226d61636f223b7d766f7465725f6c6f676765645f696e7c613a313a7b733a383a22766f746570617373223b733a353a2233616b4c4e223b7d),
('h79nm0o2ccbonha30hdnu7pvai1oqrbp', '::1', 1497790614, 0x5f5f63695f6c6173745f726567656e65726174657c693a313439373739303631343b61646d696e5f6c6f676765645f696e7c613a313a7b733a383a22757365726e616d65223b733a343a226d61636f223b7d766f7465725f6c6f676765645f696e7c613a313a7b733a383a22766f746570617373223b733a353a2233616b4c4e223b7d),
('4eggfci25j2aiinvlk23iajfegbvd5e6', '::1', 1497791038, 0x5f5f63695f6c6173745f726567656e65726174657c693a313439373739313033383b61646d696e5f6c6f676765645f696e7c613a313a7b733a383a22757365726e616d65223b733a343a226d61636f223b7d766f7465725f6c6f676765645f696e7c613a313a7b733a383a22766f746570617373223b733a353a2233616b4c4e223b7d),
('90bo8jtrdvmc56rdobs813em5dh28mu2', '::1', 1497791340, 0x5f5f63695f6c6173745f726567656e65726174657c693a313439373739313334303b61646d696e5f6c6f676765645f696e7c613a313a7b733a383a22757365726e616d65223b733a343a226d61636f223b7d766f7465725f6c6f676765645f696e7c613a313a7b733a383a22766f746570617373223b733a353a2233616b4c4e223b7d),
('n0a4n9gk2en7p0ho0u9ae3029e4poavo', '::1', 1497791705, 0x5f5f63695f6c6173745f726567656e65726174657c693a313439373739313730353b61646d696e5f6c6f676765645f696e7c613a313a7b733a383a22757365726e616d65223b733a343a226d61636f223b7d766f7465725f6c6f676765645f696e7c613a313a7b733a383a22766f746570617373223b733a353a2233616b4c4e223b7d),
('ht4opjkrqd43jjfei47da06fbi7vt51a', '::1', 1497792126, 0x5f5f63695f6c6173745f726567656e65726174657c693a313439373739323132363b61646d696e5f6c6f676765645f696e7c613a313a7b733a383a22757365726e616d65223b733a343a226d61636f223b7d766f7465725f6c6f676765645f696e7c613a313a7b733a383a22766f746570617373223b733a353a2233616b4c4e223b7d),
('ssko5h33mmve5i42ua954bikm7l770m6', '::1', 1497792467, 0x5f5f63695f6c6173745f726567656e65726174657c693a313439373739323436373b61646d696e5f6c6f676765645f696e7c613a313a7b733a383a22757365726e616d65223b733a343a226d61636f223b7d766f7465725f6c6f676765645f696e7c613a313a7b733a383a22766f746570617373223b733a353a2233616b4c4e223b7d),
('frhh3ntqnr88nvvbpnvsvhtdqofq7fdb', '::1', 1497792879, 0x5f5f63695f6c6173745f726567656e65726174657c693a313439373739323837393b61646d696e5f6c6f676765645f696e7c613a313a7b733a383a22757365726e616d65223b733a343a226d61636f223b7d766f7465725f6c6f676765645f696e7c613a313a7b733a383a22766f746570617373223b733a353a2233616b4c4e223b7d),
('ju9rjist1iq79hh2icoqdsrbrkam2h22', '::1', 1497793586, 0x5f5f63695f6c6173745f726567656e65726174657c693a313439373739333538363b61646d696e5f6c6f676765645f696e7c613a313a7b733a383a22757365726e616d65223b733a343a226d61636f223b7d766f7465725f6c6f676765645f696e7c613a313a7b733a383a22766f746570617373223b733a353a2233616b4c4e223b7d),
('n1m0nnpspmd1io0vu8d5mi4kbguno623', '::1', 1497793895, 0x5f5f63695f6c6173745f726567656e65726174657c693a313439373739333839353b61646d696e5f6c6f676765645f696e7c613a313a7b733a383a22757365726e616d65223b733a343a226d61636f223b7d766f7465725f6c6f676765645f696e7c613a313a7b733a383a22766f746570617373223b733a353a2233616b4c4e223b7d),
('duf96jn2p26nhrm6t2eg8mr0p6kor7ge', '::1', 1497794205, 0x5f5f63695f6c6173745f726567656e65726174657c693a313439373739343230353b61646d696e5f6c6f676765645f696e7c613a313a7b733a383a22757365726e616d65223b733a343a226d61636f223b7d766f7465725f6c6f676765645f696e7c613a313a7b733a383a22766f746570617373223b733a353a2233616b4c4e223b7d),
('gm6ndb5dum68bmeh0ui4hr2jkhak7vg6', '::1', 1497796016, 0x5f5f63695f6c6173745f726567656e65726174657c693a313439373739363031363b61646d696e5f6c6f676765645f696e7c613a313a7b733a383a22757365726e616d65223b733a343a226d61636f223b7d766f7465725f6c6f676765645f696e7c613a313a7b733a383a22766f746570617373223b733a353a2233616b4c4e223b7d737563636573737c733a33333a22537563636573732120566f74696e67205061737365732047656e65726174656421223b5f5f63695f766172737c613a313a7b733a373a2273756363657373223b733a333a226f6c64223b7d),
('vvgll1vatf69gkba9jqfcqc8a0efl8v3', '::1', 1497796339, 0x5f5f63695f6c6173745f726567656e65726174657c693a313439373739363333393b61646d696e5f6c6f676765645f696e7c613a313a7b733a383a22757365726e616d65223b733a343a226d61636f223b7d766f7465725f6c6f676765645f696e7c613a313a7b733a383a22766f746570617373223b733a353a2233616b4c4e223b7d737563636573737c733a33333a22537563636573732120566f74696e67205061737365732047656e65726174656421223b5f5f63695f766172737c613a313a7b733a373a2273756363657373223b733a333a226f6c64223b7d),
('jg6qnkugo2sm9s1s7nhmeg5a6o42n3is', '::1', 1497796770, 0x5f5f63695f6c6173745f726567656e65726174657c693a313439373739363737303b766f7465725f6c6f676765645f696e7c613a313a7b733a383a22766f746570617373223b733a353a2233616b4c4e223b7d737563636573737c733a32363a22596f752073756365737366756c79206c6f67676564206f757421223b5f5f63695f766172737c613a313a7b733a373a2273756363657373223b733a333a226f6c64223b7d),
('iib14do7fsltsdd5oo3hgrtso4cd5pv1', '::1', 1497796775, 0x5f5f63695f6c6173745f726567656e65726174657c693a313439373739363737303b766f7465725f6c6f676765645f696e7c613a313a7b733a383a22766f746570617373223b733a353a2233616b4c4e223b7d61646d696e5f6c6f676765645f696e7c613a313a7b733a383a22757365726e616d65223b733a343a226d61636f223b7d),
('19ar338fnevlsavl96vmiq3oc9v2ekmq', '::1', 1497883484, 0x5f5f63695f6c6173745f726567656e65726174657c693a313439373838333438343b61646d696e5f6c6f676765645f696e7c613a313a7b733a383a22757365726e616d65223b733a343a226d61636f223b7d),
('r610st39em7kl20esqu4kpp6vr3uie74', '::1', 1497884243, 0x5f5f63695f6c6173745f726567656e65726174657c693a313439373838343234333b61646d696e5f6c6f676765645f696e7c613a313a7b733a383a22757365726e616d65223b733a343a226d61636f223b7d),
('6m12hoodmmf6s5sh9vb6ihua7obcnu3k', '::1', 1497884517, 0x5f5f63695f6c6173745f726567656e65726174657c693a313439373838343234333b61646d696e5f6c6f676765645f696e7c613a313a7b733a383a22757365726e616d65223b733a343a226d61636f223b7d),
('r3bdhgdbile7fhkk07ctd3qi0lsn1ep3', '::1', 1497966224, 0x5f5f63695f6c6173745f726567656e65726174657c693a313439373936363232343b61646d696e5f6c6f676765645f696e7c613a313a7b733a383a22757365726e616d65223b733a343a226d61636f223b7d),
('cmdj7regtdp2ci1a19jsv7kumf71212k', '::1', 1497967213, 0x5f5f63695f6c6173745f726567656e65726174657c693a313439373936373231333b766f7465725f6c6f676765645f696e7c613a313a7b733a383a22766f746570617373223b733a363a223861696c4436223b7d),
('jeemnjrmd90i9kb87st8gccn9uhl2acp', '::1', 1497967543, 0x5f5f63695f6c6173745f726567656e65726174657c693a313439373936373534333b766f7465725f6c6f676765645f696e7c613a313a7b733a383a22766f746570617373223b733a363a223861696c4436223b7d61646d696e5f6c6f676765645f696e7c613a313a7b733a383a22757365726e616d65223b733a343a226d61636f223b7d),
('kroa7fm81d0qusdjctafafje8m4rju9b', '::1', 1497967855, 0x5f5f63695f6c6173745f726567656e65726174657c693a313439373936373835353b766f7465725f6c6f676765645f696e7c613a313a7b733a383a22766f746570617373223b733a363a223861696c4436223b7d61646d696e5f6c6f676765645f696e7c613a313a7b733a383a22757365726e616d65223b733a343a226d61636f223b7d),
('j5barkqp572inc2oif0dlrbpd2lpl1bk', '::1', 1497968167, 0x5f5f63695f6c6173745f726567656e65726174657c693a313439373936383136373b766f7465725f6c6f676765645f696e7c613a313a7b733a383a22766f746570617373223b733a363a223861696c4436223b7d61646d696e5f6c6f676765645f696e7c613a313a7b733a383a22757365726e616d65223b733a343a226d61636f223b7d),
('mug53no7164a66sf2er7oh1ldtee8f59', '::1', 1497968505, 0x5f5f63695f6c6173745f726567656e65726174657c693a313439373936383530353b766f7465725f6c6f676765645f696e7c613a313a7b733a383a22766f746570617373223b733a363a223861696c4436223b7d61646d696e5f6c6f676765645f696e7c613a313a7b733a383a22757365726e616d65223b733a343a226d61636f223b7d),
('70qitggbnfrjobgri5kgr5b24hd4nhqk', '::1', 1497968832, 0x5f5f63695f6c6173745f726567656e65726174657c693a313439373936383833323b766f7465725f6c6f676765645f696e7c613a313a7b733a383a22766f746570617373223b733a363a223861696c4436223b7d61646d696e5f6c6f676765645f696e7c613a313a7b733a383a22757365726e616d65223b733a343a226d61636f223b7d),
('2nenukogvmtc5fl7d69bvaekmg79amma', '::1', 1497969133, 0x5f5f63695f6c6173745f726567656e65726174657c693a313439373936393133333b766f7465725f6c6f676765645f696e7c613a313a7b733a383a22766f746570617373223b733a363a223861696c4436223b7d61646d696e5f6c6f676765645f696e7c613a313a7b733a383a22757365726e616d65223b733a343a226d61636f223b7d),
('5na7lvmgk5fb1b95vuat7spefbhdofgg', '::1', 1497970602, 0x5f5f63695f6c6173745f726567656e65726174657c693a313439373937303630323b766f7465725f6c6f676765645f696e7c613a313a7b733a383a22766f746570617373223b733a363a223861696c4436223b7d61646d696e5f6c6f676765645f696e7c613a313a7b733a383a22757365726e616d65223b733a343a226d61636f223b7d),
('cg2b9od5scssskoth61mgbe7eogs0ire', '::1', 1497970602, 0x5f5f63695f6c6173745f726567656e65726174657c693a313439373937303630323b766f7465725f6c6f676765645f696e7c613a313a7b733a383a22766f746570617373223b733a363a223861696c4436223b7d61646d696e5f6c6f676765645f696e7c613a313a7b733a383a22757365726e616d65223b733a343a226d61636f223b7d),
('9ac8t733aaoc0sq1du600li1jv3qp3uh', '::1', 1498049106, 0x5f5f63695f6c6173745f726567656e65726174657c693a313439383034393130363b61646d696e5f6c6f676765645f696e7c613a313a7b733a383a22757365726e616d65223b733a343a226d61636f223b7d),
('6q8s3p3mccastsrjet1djp472lph8i9p', '::1', 1498049408, 0x5f5f63695f6c6173745f726567656e65726174657c693a313439383034393430383b61646d696e5f6c6f676765645f696e7c613a313a7b733a383a22757365726e616d65223b733a343a226d61636f223b7d),
('2iev5mck51md4lhabd6do8sdafvuuoai', '::1', 1498049731, 0x5f5f63695f6c6173745f726567656e65726174657c693a313439383034393733313b61646d696e5f6c6f676765645f696e7c613a313a7b733a383a22757365726e616d65223b733a343a226d61636f223b7d),
('37dsvjm3v5morngosu31g3cl0loah168', '::1', 1498050066, 0x5f5f63695f6c6173745f726567656e65726174657c693a313439383035303036363b61646d696e5f6c6f676765645f696e7c613a313a7b733a383a22757365726e616d65223b733a343a226d61636f223b7d),
('7pvatqlm4b7a2a2v81f64ado524vdtrq', '::1', 1498050415, 0x5f5f63695f6c6173745f726567656e65726174657c693a313439383035303431353b61646d696e5f6c6f676765645f696e7c613a313a7b733a383a22757365726e616d65223b733a343a226d61636f223b7d),
('ujf1240u29nuctslct0s11s2fh8b9tip', '::1', 1498051009, 0x5f5f63695f6c6173745f726567656e65726174657c693a313439383035313030393b61646d696e5f6c6f676765645f696e7c613a313a7b733a383a22757365726e616d65223b733a343a226d61636f223b7d),
('40gihkhs7a03i2cetenmajnlt25sql9g', '::1', 1498051727, 0x5f5f63695f6c6173745f726567656e65726174657c693a313439383035313732373b61646d696e5f6c6f676765645f696e7c613a313a7b733a383a22757365726e616d65223b733a343a226d61636f223b7d),
('ugqv8i30osbsn6injkmouol76m78kbdo', '::1', 1498052215, 0x5f5f63695f6c6173745f726567656e65726174657c693a313439383035323231353b61646d696e5f6c6f676765645f696e7c613a313a7b733a383a22757365726e616d65223b733a343a226d61636f223b7d),
('2vt0g929iuohma9icenqa2bj48i1f7g8', '::1', 1498052911, 0x5f5f63695f6c6173745f726567656e65726174657c693a313439383035323931313b61646d696e5f6c6f676765645f696e7c613a313a7b733a383a22757365726e616d65223b733a343a226d61636f223b7d),
('dpddlopmvap2ucib4tekdlhsb83pi1t9', '::1', 1498053234, 0x5f5f63695f6c6173745f726567656e65726174657c693a313439383035333233343b61646d696e5f6c6f676765645f696e7c613a313a7b733a383a22757365726e616d65223b733a343a226d61636f223b7d),
('8r6n1b3h8eloerihfkdauj9unukq654c', '::1', 1498053557, 0x5f5f63695f6c6173745f726567656e65726174657c693a313439383035333535373b61646d696e5f6c6f676765645f696e7c613a313a7b733a383a22757365726e616d65223b733a343a226d61636f223b7d),
('nm67d9fonrh6qkk41inck1qog4qcqbnf', '::1', 1498053868, 0x5f5f63695f6c6173745f726567656e65726174657c693a313439383035333836383b61646d696e5f6c6f676765645f696e7c613a313a7b733a383a22757365726e616d65223b733a343a226d61636f223b7d),
('0dfg9hbjlhpkf0eqra5h6m4r9ic89tuv', '::1', 1498054217, 0x5f5f63695f6c6173745f726567656e65726174657c693a313439383035343231373b61646d696e5f6c6f676765645f696e7c613a313a7b733a383a22757365726e616d65223b733a343a226d61636f223b7d),
('ijs2e16merrjbt2iiqd6b07jav204tth', '::1', 1498054562, 0x5f5f63695f6c6173745f726567656e65726174657c693a313439383035343536323b61646d696e5f6c6f676765645f696e7c613a313a7b733a383a22757365726e616d65223b733a343a226d61636f223b7d),
('la53qt6jjg3ut30t14ghbf9f3t84gor0', '::1', 1498054896, 0x5f5f63695f6c6173745f726567656e65726174657c693a313439383035343839363b61646d696e5f6c6f676765645f696e7c613a313a7b733a383a22757365726e616d65223b733a343a226d61636f223b7d),
('cc1taq41blouv3g56nt6o2aa4d64ddl6', '::1', 1498055218, 0x5f5f63695f6c6173745f726567656e65726174657c693a313439383035353231383b61646d696e5f6c6f676765645f696e7c613a313a7b733a383a22757365726e616d65223b733a343a226d61636f223b7d),
('93efeod37g1e26qt5u7hbetbl79cuo6b', '::1', 1498055546, 0x5f5f63695f6c6173745f726567656e65726174657c693a313439383035353534363b61646d696e5f6c6f676765645f696e7c613a313a7b733a383a22757365726e616d65223b733a343a226d61636f223b7d737563636573737c733a32363a22537563636573212043616e646964617465205570646174656421223b5f5f63695f766172737c613a313a7b733a373a2273756363657373223b733a333a226f6c64223b7d),
('e0c6f7p8bk1e4tp65bc8ickagh2k9nih', '::1', 1498055861, 0x5f5f63695f6c6173745f726567656e65726174657c693a313439383035353836313b61646d696e5f6c6f676765645f696e7c613a313a7b733a383a22757365726e616d65223b733a343a226d61636f223b7d),
('79qfcvjqdd2phd4bbkg9i050kjalil7c', '::1', 1498056225, 0x5f5f63695f6c6173745f726567656e65726174657c693a313439383035363232353b61646d696e5f6c6f676765645f696e7c613a313a7b733a383a22757365726e616d65223b733a343a226d61636f223b7d737563636573737c733a32363a22537563636573212043616e646964617465205570646174656421223b5f5f63695f766172737c613a313a7b733a373a2273756363657373223b733a333a226f6c64223b7d),
('hmfdmso2dsere9po83s5la8j6klsn2f3', '::1', 1498056530, 0x5f5f63695f6c6173745f726567656e65726174657c693a313439383035363533303b61646d696e5f6c6f676765645f696e7c613a313a7b733a383a22757365726e616d65223b733a343a226d61636f223b7d),
('sr0sdvumcgqlopul1o2018qheifnpdum', '::1', 1498057008, 0x5f5f63695f6c6173745f726567656e65726174657c693a313439383035373030383b61646d696e5f6c6f676765645f696e7c613a313a7b733a383a22757365726e616d65223b733a343a226d61636f223b7d),
('4f58gohmgo70kbdbqoi24hgq423ruqpe', '::1', 1498057317, 0x5f5f63695f6c6173745f726567656e65726174657c693a313439383035373331373b61646d696e5f6c6f676765645f696e7c613a313a7b733a383a22757365726e616d65223b733a343a226d61636f223b7d),
('u62telmqbshtg619drai8s316eqi51v6', '::1', 1498057636, 0x5f5f63695f6c6173745f726567656e65726174657c693a313439383035373633363b61646d696e5f6c6f676765645f696e7c613a313a7b733a383a22757365726e616d65223b733a343a226d61636f223b7d),
('ajis54f6nllfqqas1eesmv30uiunssch', '::1', 1498058147, 0x5f5f63695f6c6173745f726567656e65726174657c693a313439383035383134373b61646d696e5f6c6f676765645f696e7c613a313a7b733a383a22757365726e616d65223b733a343a226d61636f223b7d),
('2enagmm093fjmf2enavv1mn50ljtv98u', '::1', 1498058480, 0x5f5f63695f6c6173745f726567656e65726174657c693a313439383035383438303b61646d696e5f6c6f676765645f696e7c613a313a7b733a383a22757365726e616d65223b733a343a226d61636f223b7d),
('qg8gk8hig74nqr1998ehm1vdb2m1iq8p', '::1', 1498058529, 0x5f5f63695f6c6173745f726567656e65726174657c693a313439383035383438303b61646d696e5f6c6f676765645f696e7c613a313a7b733a383a22757365726e616d65223b733a343a226d61636f223b7d);

-- --------------------------------------------------------

--
-- Table structure for table `course`
--

CREATE TABLE `course` (
  `title` varchar(255) NOT NULL
) ENGINE=InnoDB DEFAULT CHARSET=latin1;

--
-- Dumping data for table `course`
--

INSERT INTO `course` (`title`) VALUES
('BSCS'),
('CCE'),
('HRS'),
('ITP'),
('SHS-CA'),
('SHS-HO'),
('SHS-MAWE');

-- --------------------------------------------------------

--
-- Table structure for table `logs`
--

CREATE TABLE `logs` (
  `id` int(11) NOT NULL,
  `action` text,
  `created_at` datetime DEFAULT NULL ON UPDATE CURRENT_TIMESTAMP,
  `user` varchar(255) DEFAULT NULL
) ENGINE=InnoDB DEFAULT CHARSET=latin1;

-- --------------------------------------------------------

--
-- Table structure for table `party`
--

CREATE TABLE `party` (
  `title` varchar(255) NOT NULL,
  `color` varchar(255) DEFAULT NULL,
  `img` varchar(255) DEFAULT NULL
) ENGINE=InnoDB DEFAULT CHARSET=latin1;

--
-- Dumping data for table `party`
--

INSERT INTO `party` (`title`, `color`, `img`) VALUES
('Party I', NULL, NULL);

-- --------------------------------------------------------

--
-- Table structure for table `position`
--

CREATE TABLE `position` (
  `title` varchar(255) NOT NULL,
  `is_multiple` int(11) DEFAULT '0',
  `limit_vote` int(11) DEFAULT NULL
) ENGINE=InnoDB DEFAULT CHARSET=latin1;

--
-- Dumping data for table `position`
--

INSERT INTO `position` (`title`, `is_multiple`, `limit_vote`) VALUES
('Auditor', 0, NULL),
('BSCS Representative', 0, NULL),
('HRS  Representative', 0, NULL),
('ITP Representative', 0, NULL),
('President', 0, NULL),
('Secretary', 0, NULL),
('Senior HS  Representative', 0, NULL),
('Treasurer', 0, NULL),
('Vice-President', 0, NULL);

-- --------------------------------------------------------

--
-- Table structure for table `settings`
--

CREATE TABLE `settings` (
  `key` varchar(255) NOT NULL,
  `value` text
) ENGINE=InnoDB DEFAULT CHARSET=latin1;

-- --------------------------------------------------------

--
-- Table structure for table `users`
--

CREATE TABLE `users` (
  `username` varchar(255) NOT NULL,
  `password` varchar(255) DEFAULT NULL,
  `name` varchar(255) DEFAULT NULL,
  `usertype` varchar(255) DEFAULT NULL,
  `img` varchar(255) DEFAULT NULL,
  `created_at` datetime DEFAULT CURRENT_TIMESTAMP ON UPDATE CURRENT_TIMESTAMP,
  `updated_at` timestamp NULL DEFAULT NULL ON UPDATE CURRENT_TIMESTAMP
) ENGINE=InnoDB DEFAULT CHARSET=latin1;

--
-- Dumping data for table `users`
--

INSERT INTO `users` (`username`, `password`, `name`, `usertype`, `img`, `created_at`, `updated_at`) VALUES
('maco', '$2y$10$yXXbqfWB.Xi0yZ1QSXoMQeP1vtcwQmafC8ImZ0xE2haP/4SIz7fie', 'Maco Cortes', 'Administrator', NULL, '2017-06-18 11:33:10', NULL);

-- --------------------------------------------------------

--
-- Table structure for table `usertypes`
--

CREATE TABLE `usertypes` (
  `title` varchar(255) NOT NULL
) ENGINE=InnoDB DEFAULT CHARSET=latin1;

--
-- Dumping data for table `usertypes`
--

INSERT INTO `usertypes` (`title`) VALUES
('Administrator');

-- --------------------------------------------------------

--
-- Table structure for table `votes`
--

CREATE TABLE `votes` (
  `id` int(11) NOT NULL,
  `candidate_id` varchar(255) DEFAULT NULL,
  `datetime` datetime DEFAULT NULL ON UPDATE CURRENT_TIMESTAMP
) ENGINE=InnoDB DEFAULT CHARSET=latin1;

-- --------------------------------------------------------

--
-- Table structure for table `vote_keys`
--

CREATE TABLE `vote_keys` (
  `key` varchar(255) NOT NULL,
  `updated_at` datetime DEFAULT CURRENT_TIMESTAMP ON UPDATE CURRENT_TIMESTAMP,
  `is_used` int(1) DEFAULT '0'
) ENGINE=InnoDB DEFAULT CHARSET=latin1;

--
-- Dumping data for table `vote_keys`
--

INSERT INTO `vote_keys` (`key`, `updated_at`, `is_used`) VALUES
('3ALIpd', '2017-06-20 22:27:16', 0),
('6CTINE', '2017-06-20 22:27:16', 0),
('7enytj', '2017-06-20 22:27:16', 0),
('809Ic1', '2017-06-20 22:27:16', 0),
('8pwhut', '2017-06-20 22:27:16', 0),
('AgE1OZ', '2017-06-20 22:27:16', 0),
('B1q4Z9', '2017-06-20 22:27:16', 0),
('coAOuj', '2017-06-20 22:27:16', 0),
('F0KXZm', '2017-06-20 22:27:16', 0),
('FBtuN9', '2017-06-20 22:27:16', 0),
('Ipi1uC', '2017-06-20 22:27:16', 0),
('IZ84Tu', '2017-06-20 22:27:16', 0),
('jfh3tk', '2017-06-20 22:27:16', 0),
('kyh2Tx', '2017-06-20 22:27:16', 0),
('l3otnP', '2017-06-20 22:27:16', 0),
('lLmqkG', '2017-06-20 22:27:16', 0),
('lRKpNc', '2017-06-20 22:27:16', 0),
('m7MWtH', '2017-06-20 22:27:16', 0),
('r7SYCp', '2017-06-20 22:27:16', 0),
('rB7OZg', '2017-06-20 22:27:16', 0),
('ryjHEc', '2017-06-20 22:27:16', 0),
('SNyLsp', '2017-06-20 22:27:16', 0),
('SXc2Dt', '2017-06-20 22:27:16', 0),
('TQFE3u', '2017-06-20 22:27:16', 0),
('uCtVkI', '2017-06-20 22:27:16', 0),
('uRYyHE', '2017-06-20 22:27:16', 0),
('w9jsA6', '2017-06-20 22:27:16', 0),
('yc3Bbe', '2017-06-20 22:27:16', 0),
('ymxRGA', '2017-06-20 22:27:16', 0),
('Yti7fQ', '2017-06-20 22:27:16', 0);

-- --------------------------------------------------------

--
-- Table structure for table `year`
--

CREATE TABLE `year` (
  `title` varchar(255) NOT NULL
) ENGINE=InnoDB DEFAULT CHARSET=latin1;

--
-- Dumping data for table `year`
--

INSERT INTO `year` (`title`) VALUES
('I'),
('II'),
('III'),
('IV');

--
-- Indexes for dumped tables
--

--
-- Indexes for table `candidate`
--
ALTER TABLE `candidate`
  ADD PRIMARY KEY (`id`),
  ADD KEY `FKcourse` (`course`),
  ADD KEY `FKparty` (`party`),
  ADD KEY `FKyear` (`year`),
  ADD KEY `FKposition` (`position`);

--
-- Indexes for table `ci_sessions`
--
ALTER TABLE `ci_sessions`
  ADD KEY `ci_sessions_timestamp` (`timestamp`);

--
-- Indexes for table `course`
--
ALTER TABLE `course`
  ADD PRIMARY KEY (`title`);

--
-- Indexes for table `logs`
--
ALTER TABLE `logs`
  ADD PRIMARY KEY (`id`),
  ADD KEY `FKuser` (`user`);

--
-- Indexes for table `party`
--
ALTER TABLE `party`
  ADD PRIMARY KEY (`title`);

--
-- Indexes for table `position`
--
ALTER TABLE `position`
  ADD PRIMARY KEY (`title`);

--
-- Indexes for table `settings`
--
ALTER TABLE `settings`
  ADD PRIMARY KEY (`key`);

--
-- Indexes for table `users`
--
ALTER TABLE `users`
  ADD PRIMARY KEY (`username`),
  ADD KEY `FKusertype` (`usertype`);

--
-- Indexes for table `usertypes`
--
ALTER TABLE `usertypes`
  ADD PRIMARY KEY (`title`);

--
-- Indexes for table `votes`
--
ALTER TABLE `votes`
  ADD PRIMARY KEY (`id`);

--
-- Indexes for table `vote_keys`
--
ALTER TABLE `vote_keys`
  ADD PRIMARY KEY (`key`);

--
-- Indexes for table `year`
--
ALTER TABLE `year`
  ADD PRIMARY KEY (`title`);

--
-- AUTO_INCREMENT for dumped tables
--

--
-- AUTO_INCREMENT for table `candidate`
--
ALTER TABLE `candidate`
  MODIFY `id` int(11) NOT NULL AUTO_INCREMENT, AUTO_INCREMENT=12;
--
-- AUTO_INCREMENT for table `logs`
--
ALTER TABLE `logs`
  MODIFY `id` int(11) NOT NULL AUTO_INCREMENT;
--
-- Constraints for dumped tables
--

--
-- Constraints for table `candidate`
--
ALTER TABLE `candidate`
  ADD CONSTRAINT `FKcourse` FOREIGN KEY (`course`) REFERENCES `course` (`title`) ON DELETE CASCADE ON UPDATE CASCADE,
  ADD CONSTRAINT `FKparty` FOREIGN KEY (`party`) REFERENCES `party` (`title`) ON DELETE CASCADE ON UPDATE CASCADE,
  ADD CONSTRAINT `FKposition` FOREIGN KEY (`position`) REFERENCES `position` (`title`) ON DELETE CASCADE ON UPDATE CASCADE,
  ADD CONSTRAINT `FKyear` FOREIGN KEY (`year`) REFERENCES `year` (`title`) ON DELETE CASCADE ON UPDATE CASCADE;

--
-- Constraints for table `logs`
--
ALTER TABLE `logs`
  ADD CONSTRAINT `FKuser` FOREIGN KEY (`user`) REFERENCES `users` (`username`);

--
-- Constraints for table `users`
--
ALTER TABLE `users`
  ADD CONSTRAINT `FKusertype` FOREIGN KEY (`usertype`) REFERENCES `usertypes` (`title`);

/*!40101 SET CHARACTER_SET_CLIENT=@OLD_CHARACTER_SET_CLIENT */;
/*!40101 SET CHARACTER_SET_RESULTS=@OLD_CHARACTER_SET_RESULTS */;
/*!40101 SET COLLATION_CONNECTION=@OLD_COLLATION_CONNECTION */;
